0.8978567457289032,0.
0.9009234012686387,0.01382401365139491
0.910883241269998,0.02670123650785809
0.924050567814903,0.03571428571428571
0.9464285714285712,0.04450489447659168
0.9642857142857141,0.0483890625021473
0.9876594183613552,0.05081314796217946
1.0178571428571428,0.05037513948902747
1.044642857142857,0.046675120936419845
1.0641793484647246,0.04101824566093381
1.0885336205196157,0.027161761168763475
1.0947304081301106,0.020579489779341195
1.100750278978055,0.008928571428571428
1.102333433568621,0.

1.8978567457289033,0.
1.9009234012686387,0.013824013651394771
1.9108832412699979,0.02670123650785798
1.9240505678149031,0.03571428571428571
1.9464285714285712,0.0445048944765917
1.9642857142857142,0.048389062502147306
1.9876594183613554,0.05081314796217947
2.,0.05107162713554841

0.10214325427109681,1.
0.09907659873136129,0.986175986348605
0.08928571428571427,0.9734591630315083
0.08035714285714285,0.9668351065791659
0.05432352233752939,0.9557331897401931
0.04115897955868178,0.9526347959349446
0.017857142857142856,0.9496248605109726
0.,0.9489283728644516

1.102143254271097,1.
1.0990765987313613,0.9861759863486048
1.089285714285714,0.973459163031508
1.0803571428571426,0.9668351065791656
1.054323522337529,0.955733189740193
1.0411589795586818,0.9526347959349446
1.0178571428571428,0.9495032772516685
0.9876594183613556,0.9491868520378206
0.9691747409823468,0.950892857142857
0.9553571428571426,0.9533248790635803
0.941031872282605,0.9571230789984453
0.9262782338418286,0.9631391169209143
0.9108832412699981,0.9732987634921418
0.9017857142857142,0.9845873704911728
0.8978567457289032,0.9975001985641198
0.8976665664313791,1.

0.,0.05107162713554841
0.027648027302789917,0.04953829936568067
0.05340247301571632,0.04455837936500101
0.07372176615817153,0.03686088307908576
0.08911675873000202,0.02670123650785816
0.0982142857142857,0.015412629508827394
0.10214325427109683,0.0024998014358801517
0.10233343356862092,0.

2.,0.4489283728644516
1.97235197269721,0.45046170063431934
1.9465975269842837,0.45544162063499904
1.9262782338418285,0.4631391169209143
1.910883241269998,0.47329876349214195
1.901785714285714,0.4845873704911734
1.8978567457289033,0.4975001985641195
1.9004564774872363,0.5127282387436183
1.9107142857142854,0.5265408369684912
1.9196428571428568,0.5331648934208338
1.9456764776624724,0.5442668102598076
1.9588410204413176,0.5473652040650553
1.9821428571428572,0.5503751394890275
2.,0.5510716271355485

0.,0.5510716271355485
0.027648027302790215,0.5495382993656807
0.05340247301571651,0.544558379365001
0.07372176615817169,0.5368608830790857
0.08575384200310962,0.5294840638586975
0.09335024187283969,0.5223214285714285
0.09929846443533691,0.5133928571428571
0.10199975594954938,0.5044642857142856
0.10162629592435891,0.4938297091806776
0.0982142857142857,0.48458737049117256
0.08911675873000191,0.4732987634921418
0.07594943218509682,0.4642857142857142
0.05357142857142857,0.4554951055234083
0.03571428571428571,0.4516109374978527
0.01234058163864454,0.44918685203782055
0.,0.4489283728644516

2.,0.9489283728644516
1.9723519726972103,0.9504617006343193
1.946597526984284,0.955441620634999
1.9262782338418287,0.9631391169209144
1.910883241269998,0.973298763492142
1.901785714285714,0.9845873704911734
1.8978567457289033,0.9975001985641195
1.8976665664313792,1.

0.48765941836135546,0.19918685203782055
0.4642857142857143,0.20161093749785272
0.4464285714285714,0.20549510552340822
0.4262782338418285,0.21313911692091425
0.410883241269998,0.22329876349214184
0.40178571428571425,0.23458737049117281
0.3978567457289032,0.2475001985641198
0.4004564774872362,0.26272823874361806
0.4107142857142857,0.2765408369684917
0.4242800731517389,0.2857142857142857
0.4464285714285714,0.2945048944765918
0.4642857142857143,0.2983890625021473
0.48541136527305234,0.3007413969222404
0.5,0.30116671678431045
0.5145886347269477,0.3007413969222404
0.5308252590176552,0.2991071428571428
0.5534024730157164,0.294558379365001
0.5737217661581715,0.28686088307908575
0.5890097889531836,0.2767857142857143
0.5967781250042946,0.26785714285714285
0.6016262959243589,0.25617029081932235
0.600750278978055,0.24107142857142858
0.5947304081301107,0.2294205102206589
0.5885336205196152,0.22283823883123619
0.5714285714285714,0.21214003657586944
0.5530816739369834,0.20535714285714285
0.5276480273027898,0.20046170063431934
0.5,0.19883328321568958
0.48765941836135546,0.19918685203782055

1.4876594183613552,0.19918685203782058
1.464285714285714,0.20161093749785275
1.4464285714285712,0.2054951055234083
1.4262782338418283,0.21313911692091433
1.4108832412699979,0.2232987634921421
1.4017857142857137,0.23458737049117392
1.3978567457289033,0.2475001985641195
1.4004564774872363,0.2627282387436184
1.4107142857142851,0.2765408369684909
1.4242800731517389,0.2857142857142857
1.4464285714285712,0.29450489447659167
1.464285714285714,0.29838906250214725
1.4854113652730516,0.30074139692224033
1.4999999999999996,0.30116671678431045
1.5145886347269473,0.30074139692224044
1.5308252590176552,0.2991071428571428
1.553402473015716,0.2945583793650011
1.5737217661581713,0.2868608830790859
1.5890097889531838,0.2767857142857143
1.5967781250042945,0.26785714285714285
1.6016262959243588,0.2561702908193224
1.600750278978055,0.24107142857142858
1.5947304081301106,0.22942051022065882
1.588533620519616,0.22283823883123677
1.571428571428571,0.21214003657586916
1.5530816739369835,0.20535714285714285
1.5276480273027895,0.2004617006343193
1.4999999999999996,0.19883328321568958
1.4876594183613552,0.19918685203782058

0.48765941836135596,0.6991868520378206
0.4642857142857143,0.7016109374978527
0.4464285714285714,0.7054951055234083
0.42627823384182867,0.7131391169209141
0.4108832412699981,0.7232987634921417
0.40178571428571425,0.7345873704911728
0.3978567457289032,0.7475001985641195
0.40045647748723606,0.7627282387436177
0.4107142857142857,0.7765408369684917
0.4242800731517383,0.7857142857142855
0.4464285714285714,0.7945048944765919
0.4642857142857143,0.7983890625021473
0.4854113652730527,0.8007413969222404
0.5,0.8011667167843104
0.5145886347269473,0.8007413969222404
0.5308252590176556,0.7991071428571427
0.5534024730157167,0.7945583793650011
0.5737217661581718,0.7868608830790856
0.589009788953184,0.776785714285714
0.5967781250042948,0.7678571428571426
0.601626295924359,0.7561702908193222
0.6007502789780549,0.7410714285714284
0.5947304081301106,0.7294205102206588
0.5885336205196147,0.7228382388312359
0.5714285714285714,0.7121400365758694
0.5530816739369818,0.7053571428571426
0.5276480273027893,0.7004617006343193
0.5,0.6988332832156896
0.48765941836135596,0.6991868520378206

1.4876594183613556,0.6991868520378206
1.464285714285714,0.7016109374978529
1.4464285714285712,0.7054951055234084
1.4262782338418285,0.7131391169209143
1.410883241269998,0.7232987634921421
1.4017857142857137,0.734587370491174
1.3978567457289033,0.7475001985641193
1.4004564774872363,0.7627282387436182
1.4107142857142851,0.776540836968491
1.4242800731517382,0.7857142857142855
1.4464285714285712,0.7945048944765918
1.464285714285714,0.7983890625021473
1.485411365273052,0.8007413969222404
1.4999999999999996,0.8011667167843104
1.5145886347269468,0.8007413969222406
1.5308252590176556,0.7991071428571427
1.5534024730157163,0.7945583793650012
1.5737217661581717,0.7868608830790859
1.5890097889531842,0.776785714285714
1.5967781250042947,0.7678571428571426
1.6016262959243588,0.7561702908193222
1.6007502789780548,0.7410714285714284
1.5947304081301106,0.7294205102206587
1.5885336205196157,0.7228382388312364
1.571428571428571,0.7121400365758691
1.553081673936982,0.7053571428571426
1.5276480273027888,0.7004617006343193
1.4999999999999996,0.6988332832156896
1.4876594183613556,0.6991868520378206

0.982142857142857,0.4495032772516684
1.0123405816386444,0.44918685203782055
1.0357142857142856,0.45161093749785264
1.0535714285714284,0.4554951055234082
1.0759494321850969,0.4642857142857142
1.0891167587300017,0.47329876349214167
1.0982142857142854,0.48458737049117195
1.101626295924359,0.4938297091806774
1.1019997559495494,0.5044642857142856
1.099298464435337,0.5133928571428571
1.0933502418728398,0.5223214285714285
1.0857538420031096,0.5294840638586976
1.0737217661581715,0.5368608830790857
1.0534024730157163,0.544558379365001
1.0276480273027901,0.5495382993656807
0.9999999999999998,0.5511667167843105
0.9723519726972096,0.5495382993656807
0.9469183260630162,0.544642857142857
0.9285714285714284,0.5378599634241306
0.9114663794803851,0.527161761168764
0.9052695918698892,0.520579489779341
0.8983737040756411,0.5061702908193222
0.8992497210219451,0.4910714285714285
0.9052695918698894,0.4794205102206589
0.911466379480386,0.4728382388312354
0.9336702131583319,0.4598214285714285
0.9464285714285712,0.45548844010698153
0.962104456712809,0.45198348592930965
0.9732142857142856,0.4503507677823316
0.982142857142857,0.4495032772516684

0.14744353231634308,0.
0.14473489514034296,0.016918266715542796
0.13907192248127093,0.028678324473650242
0.12463999173631995,0.04464285714285714
0.10714285714285714,0.05529234997730159
0.08869186455170056,0.0625
0.042963439566747585,0.07142857142857142
0.,0.07364084640234153

1.1474435323163432,0.
1.144734895140343,0.016918266715542602
1.139071922481271,0.02867832447365002
1.12463999173632,0.04464285714285714
1.1071428571428568,0.05529234997730182
1.0886918645517005,0.0625
1.0429634395667478,0.07142857142857142
0.9999999999999998,0.07364084640234153
0.9570365604332524,0.07142857142857142
0.9113081354482996,0.0625
0.8928571428571427,0.05529234997730152
0.8753600082636802,0.04464285714285714
0.8660714285714284,0.03580732237680801
0.857142857142857,0.021481719783373435
0.8532977441926068,0.008928571428571428
0.8525564676836569,0.

2.,0.07364084640234153
1.9570365604332522,0.07142857142857142
1.9113081354482997,0.0625
1.8928571428571423,0.05529234997730129
1.87536000826368,0.04464285714285714
1.866071428571428,0.03580732237680749
1.8571428571428565,0.02148171978337238
1.8532977441926068,0.008928571428571428
1.852556467683657,0.

0.,0.42635915359765847
0.04296343956674687,0.4285714285714285
0.08869186455169999,0.4374999999999999
0.10714285714285714,0.4447076500226984
0.1246399917363198,0.4553571428571428
0.13392857142857142,0.4641926776231917
0.14285714285714285,0.4785182802166262
0.14670225580739318,0.4910714285714285
0.14703636685486657,0.5068389594297095
0.14418485497125594,0.5185209989141993
0.1340112428542171,0.5357142857142856
0.1247886177135414,0.5445371659996276
0.11738870155763945,0.5497657793502482
0.09952527909437191,0.5586912109757571
0.07142857142857142,0.5668947224565511
0.03704199782839902,0.5720924274856279
0.,0.5736408464023416

2.,0.5736408464023416
1.957036560433251,0.5714285714285713
1.911308135448299,0.5624999999999998
1.8928571428571423,0.5552923499773014
1.8753600082636799,0.544642857142857
1.866071428571428,0.5358073223768075
1.8571428571428565,0.5214817197833723
1.8532977441926068,0.5089285714285714
1.8529636331451336,0.49316104057029
1.8558151450287441,0.4814790010858008
1.866210555086898,0.4642857142857142
1.8826175780484853,0.45023736045281426
1.9095016686747297,0.4381063085197777
1.934910873973874,0.43174115127265134
1.9642857142857142,0.4277846009624998
2.,0.42635915359765847

0.,0.9263591535976585
0.04296343956674476,0.9285714285714283
0.08869186455169968,0.9374999999999998
0.10714285714285714,0.9447076500226984
0.12463999173631958,0.9553571428571427
0.13392857142857142,0.9641926776231918
0.14285714285714285,0.9785182802166261
0.1467022558073932,0.9910714285714286
0.14744353231634308,1.

0.8525564676836569,1.
0.8552651048596571,0.983081733284457
0.8609280775187294,0.9713216755263494
0.8753600082636805,0.9553571428571427
0.8928571428571427,0.9446518684321527
0.9107142857142856,0.9376745247314401
0.928385355246385,0.933035714285714
0.9483876449136801,0.9295509653139827
0.9642857142857141,0.9277846009624998
1.0044245499475393,0.9263591535976585
1.0535714285714284,0.9298722133422467
1.089074331999255,0.9376056911432292
1.1089616542658112,0.945519172867094
1.1247886177135409,0.955462834000372
1.1340112428542168,0.9642857142857142
1.1442114685718288,0.981465694285514
1.1470363668548667,0.9931610405702906
1.1474435323163432,1.

1.852556467683657,1.
1.8552651048596571,0.9830817332844568
1.8609280775187296,0.9713216755263491
1.8753600082636805,0.9553571428571427
1.8928571428571423,0.9447076500226987
1.9113081354483006,0.9374999999999998
1.9570365604332551,0.9285714285714283
2.,0.9263591535976585

0.9109256680007441,0.5623943088567706
0.8910383457341879,0.5544808271329057
0.8752113822864586,0.5445371659996275
0.8659887571457829,0.5357142857142856
0.8557885314281712,0.5185343057144857
0.8529636331451335,0.5068389594297096
0.8532977441926068,0.4910714285714285
0.857142857142857,0.47851828021662657
0.8749999999999998,0.45565406772415007
0.8894153000453969,0.44642857142857134
0.9017857142857142,0.4408113408061867
0.919642857142857,0.4351378021759819
0.9426433510526988,0.4304640387593647
0.956254398456631,0.4285714285714285
0.9955754500524597,0.42635915359765847
1.0370419978283985,0.427907572514372
1.0714285714285712,0.43310527754344885
1.0995252790943715,0.4413087890242426
1.1237873829604474,0.45475083433736674
1.1311449120259933,0.46121325827271736
1.1402555733155066,0.4732142857142856
1.1464176115913984,0.4892911942043005
1.1474435323163432,0.5022931947296002
1.1444307980750006,0.5178571428571428
1.1365176974546976,0.5325445630130631
1.1249999999999996,0.544360277663191
1.1183773183876269,0.5491071428571427
1.1071428571428568,0.5552923499773018
1.0886918645517014,0.5624999999999998
1.042963439566749,0.5714285714285713
0.9999999999999998,0.5736408464023416
0.957036560433251,0.5714285714285713
0.9113081354482987,0.5624999999999998
0.9109256680007441,0.5623943088567706

0.4642857142857143,0.1777846009624998
0.434910873973874,0.18174115127265128
0.4095016686747319,0.18810630851977686
0.38261757804848545,0.20023736045281415
0.3702756043519637,0.20982142857142855
0.36092807751872913,0.22132167552634968
0.3555692019249996,0.23214285714285715
0.35255646768365695,0.24770680527039993
0.3535823884086015,0.2607088057956992
0.3597444266844934,0.2767857142857143
0.3702756043519636,0.2901785714285714
0.3826175780484854,0.2997626395471858
0.40046844129950354,0.3086943507788196
0.4109256680007444,0.31239430885677066
0.4464285714285714,0.3201277866577533
0.48214285714285715,0.3233511279036966
0.5178571428571428,0.3233511279036966
0.5429634395667478,0.3214285714285714
0.5886918645517005,0.3125
0.6010957664358965,0.3080357142857143
0.6173824219515146,0.2997626395471858
0.6297243956480364,0.2901785714285714
0.639071922481271,0.2786783244736502
0.644734895140343,0.26691826671554275
0.6474435323163431,0.25
0.644734895140343,0.23308173328445722
0.639071922481271,0.22132167552634976
0.6297243956480363,0.20982142857142855
0.6173824219515145,0.20023736045281415
0.5995315587004963,0.19130564922118032
0.5890743319992554,0.18760569114322934
0.5535714285714286,0.1798722133422467
0.50442454994754,0.1763591535976585
0.4642857142857143,0.1777846009624998

1.464285714285714,0.17778460096249982
1.4349108739738736,0.1817411512726513
1.4095016686747297,0.1881063085197777
1.3826175780484853,0.20023736045281432
1.3702756043519637,0.20982142857142855
1.3609280775187291,0.2213216755263495
1.3555692019249994,0.23214285714285715
1.3525564676836568,0.24770680527040004
1.3535823884086013,0.2607088057956991
1.3597444266844934,0.2767857142857143
1.3702756043519635,0.2901785714285714
1.3826175780484853,0.2997626395471857
1.4004684412995034,0.3086943507788195
1.4109256680007443,0.3123943088567705
1.4464285714285712,0.32012778665775327
1.4821428571428568,0.3233511279036966
1.5178571428571423,0.32335112790369663
1.5429634395667478,0.3214285714285714
1.5886918645517007,0.3125
1.6010957664358962,0.3080357142857143
1.6173824219515145,0.2997626395471859
1.6297243956480365,0.2901785714285714
1.6390719224812713,0.2786783244736498
1.644734895140343,0.2669182667155424
1.6474435323163432,0.25
1.644734895140343,0.23308173328445758
1.6390719224812713,0.2213216755263502
1.6297243956480363,0.20982142857142855
1.6173824219515143,0.20023736045281404
1.5995315587004963,0.1913056492211803
1.5890743319992553,0.18760569114322928
1.553571428571428,0.1798722133422466
1.5044245499475397,0.1763591535976585
1.464285714285714,0.17778460096249982

0.4642857142857143,0.6777846009624997
0.43491087397387423,0.6817411512726512
0.4095016686747305,0.6881063085197774
0.38261757804848573,0.700237360452814
0.37027560435196394,0.7098214285714284
0.36092807751872924,0.7213216755263495
0.35556920192499963,0.732142857142857
0.35255646768365695,0.7477068052703997
0.35358238840860146,0.760708805795699
0.3597444266844932,0.776785714285714
0.3702756043519633,0.7901785714285712
0.38261757804848534,0.7997626395471857
0.4004684412995034,0.8086943507788196
0.41092566800074415,0.8123943088567706
0.4464285714285714,0.8201277866577533
0.48214285714285715,0.8233511279036967
0.5178571428571428,0.8233511279036967
0.5429634395667503,0.8214285714285712
0.5886918645517013,0.8124999999999998
0.6010957664358969,0.8080357142857141
0.6173824219515147,0.7997626395471857
0.6297243956480367,0.7901785714285712
0.6390719224812712,0.7786783244736498
0.6447348951403431,0.7669182667155424
0.6474435323163431,0.7499999999999998
0.6447348951403429,0.733081733284457
0.6390719224812708,0.7213216755263495
0.6297243956480361,0.7098214285714284
0.6173824219515143,0.700237360452814
0.599531558700496,0.6913056492211802
0.5890743319992552,0.6876056911432292
0.5535714285714286,0.6798722133422467
0.5044245499475398,0.6763591535976584
0.4642857142857143,0.6777846009624997

1.464285714285714,0.6777846009624998
1.4349108739738738,0.6817411512726512
1.4095016686747284,0.6881063085197782
1.3826175780484855,0.7002373604528142
1.370275604351964,0.7098214285714284
1.3609280775187294,0.7213216755263493
1.3555692019249996,0.732142857142857
1.3525564676836568,0.7477068052703998
1.3535823884086013,0.7607088057956989
1.3597444266844931,0.776785714285714
1.3702756043519633,0.7901785714285712
1.382617578048485,0.7997626395471856
1.4004684412995032,0.8086943507788193
1.4109256680007438,0.8123943088567704
1.4464285714285712,0.8201277866577533
1.4821428571428568,0.8233511279036967
1.5178571428571423,0.8233511279036967
1.5429634395667504,0.8214285714285712
1.5886918645517016,0.8124999999999998
1.601095766435897,0.8080357142857141
1.6173824219515145,0.7997626395471858
1.6297243956480367,0.7901785714285712
1.6390719224812715,0.7786783244736494
1.6447348951403433,0.7669182667155421
1.6474435323163432,0.7499999999999998
1.644734895140343,0.7330817332844574
1.639071922481271,0.72132167552635
1.629724395648036,0.7098214285714284
1.617382421951514,0.7002373604528139
1.599531558700496,0.6913056492211802
1.589074331999255,0.6876056911432292
1.553571428571428,0.6798722133422466
1.5044245499475395,0.6763591535976584
1.464285714285714,0.6777846009624998

0.18441157774739683,0.
0.18306323218521095,0.015611241050251655
0.17857142857142855,0.03135821999392129
0.1644282110521564,0.05357142857142857
0.15178571428571427,0.06423796007113099
0.13392857142857142,0.07373963684206607
0.114311340244962,0.08035714285714285
0.06997056113128144,0.08855670913706928
0.0313809839699573,0.09145236515787848
0.,0.09214840703572205

1.184411577747397,0.
1.183063232185211,0.015611241050251554
1.1785714285714284,0.03135821999392165
1.1644282110521564,0.05357142857142857
1.151785714285714,0.06423796007113124
1.1339285714285712,0.07373963684206618
1.114311340244962,0.08035714285714285
1.0699705611312813,0.08855670913706931
1.0313809839699573,0.09145236515787848
0.9642857142857141,0.0912793237531733
0.9285714285714284,0.08836848324801147
0.8788436261677275,0.07843532977327897
0.8458565386567446,0.0625
0.8312339841253648,0.04866872222303188
0.8239283728644516,0.0369641864322259
0.8199077400999988,0.027546129950000543
0.8169367678147891,0.015611241050251794
0.8155884222526032,0.

2.,0.407851592964278
1.9464285714285712,0.40984365571222453
1.9026116076147435,0.4155915180930862
1.860999811908146,0.4285714285714285
1.8392857142857135,0.4428443298775197
1.8228774140631385,0.46501013560299803
1.8193921538933535,0.47423249448189425
1.8160246668007316,0.4910714285714285
1.8157601162577548,0.5060943438431634
1.8177127311313723,0.519715063005742
1.8214285714285707,0.5316345651608685
1.8266311364953782,0.5420415746094532
1.8355717889478433,0.5535714285714284
1.8589616542658112,0.570519172867094
1.8928571428571423,0.5822141055260781
1.9372835600121567,0.5892857142857142
1.9942746144999843,0.592148407035722
2.,0.592148407035722

0.,0.592148407035722
0.05357142857142857,0.5901563442877755
0.09738839238525651,0.5844084819069139
0.12847592014226247,0.575892857142857
0.14285714285714285,0.5695000940459272
0.1607142857142857,0.557155670122481
0.17673696649602308,0.5357142857142856
0.18228726886862762,0.5197150630057423
0.18423988374224526,0.506094343843163
0.1839753331992684,0.4910714285714285
0.1806078461066467,0.4742324944818947
0.1771225859368614,0.46501013560299775
0.16876601587463524,0.451331277776968
0.15414346134325524,0.4374999999999999
0.125,0.4229282693283723
0.07415179564478187,0.4120758978223909
0.03940661374744432,0.4088681216977063
0.,0.407851592964278

2.,0.907851592964278
1.9464285714285712,0.9098436557122245
1.902611607614744,0.915591518093086
1.8609998119081466,0.9285714285714283
1.8392857142857135,0.9428443298775198
1.8228774140631385,0.9650101356029981
1.8193921538933533,0.9742324944818943
1.8160246668007316,0.9910714285714286
1.815588422252603,1.

0.8155884222526032,1.
0.8169367678147891,0.9843887589497482
0.8199077400999988,0.9724538700499994
0.8241517956447819,0.9629241021776088
0.8458565386567449,0.9374999999999998
0.8788193053288061,0.92155250980726
0.9285714285714284,0.9116315167519885
0.9642857142857141,0.9087206762468266
1.031380983969958,0.9085476348421215
1.0699705611312806,0.9114432908629306
1.1143113402449607,0.9196428571428568
1.1428571428571426,0.9304999059540727
1.1644282110521562,0.9464285714285712
1.1733688635046213,0.9579584253905462
1.1785714285714284,0.9683654348391297
1.1822872688686275,0.9802849369942576
1.1842398837422452,0.993905656156837
1.184411577747397,1.

2.,0.09214840703572205
1.9464285714285712,0.09015634428777551
1.9026116076147432,0.08440848190691383
1.8609998119081457,0.07142857142857142
1.8392857142857135,0.057155670122480316
1.8283308113757653,0.04464285714285714
1.8228774140631383,0.03498986439700187
1.8193921538933533,0.02576750551810559
1.8160246668007316,0.008928571428571428
1.815588422252603,0.

0.,0.907851592964278
0.05357142857142857,0.9098436557122245
0.09738839238525587,0.915591518093086
0.1390001880918536,0.9285714285714283
0.15687065954655785,0.9394218130838637
0.16964285714285712,0.9525210443388784
0.17676497860598603,0.9642857142857142
0.18033316294398868,0.9732142857142856
0.18373437507914278,0.9884899553175714
0.18441157774739683,1.

0.4942746144999844,0.3421484070357221
0.4372835600121568,0.33928571428571425
0.4107142857142857,0.33578107876834606
0.37884362616772754,0.328435329773279
0.34585653865674454,0.3125
0.3312339841253647,0.29866872222303187
0.3228774140631386,0.28498986439700214
0.31939215389335324,0.2757675055181052
0.3160246668007316,0.2589285714285714
0.31576011625775474,0.2439056561568369
0.31731360692772065,0.23214285714285715
0.3212669410143029,0.21875
0.32557481699463153,0.20982142857142855
0.3355717889478437,0.1964285714285714
0.3589616542658117,0.17948082713290586
0.3928571428571428,0.16778589447392184
0.4372835600121577,0.1607142857142857
0.4942746144999845,0.15785159296427795
0.5394066137474445,0.15886812169770634
0.5739283728644515,0.1619641864322258
0.6005019777350673,0.16632241743896226
0.6390001880918542,0.17857142857142855
0.6607142857142856,0.19284432987751887
0.6716691886242347,0.20535714285714285
0.6771225859368615,0.21501013560299778
0.6806078461066468,0.2242324944818949
0.6839753331992684,0.24107142857142858
0.6842398837422453,0.256094343843163
0.6822872688686277,0.26971506300574244
0.6785714285714285,0.2816345651608704
0.6716691886242347,0.2946428571428571
0.663292061587559,0.3048603165080653
0.6517857142857142,0.31423796007113103
0.6390945300771292,0.3214285714285714
0.6211563738322724,0.328435329773279
0.6005019777350667,0.3336775825610379
0.5803571428571428,0.3372125915026843
0.5625,0.33936652949284857
0.5357142857142857,0.3413431965361397
0.5058401491759683,0.34220578887369846
0.4942746144999844,0.3421484070357221

1.4942746144999839,0.3421484070357221
1.4372835600121567,0.33928571428571425
1.4107142857142851,0.33578107876834595
1.3788436261677273,0.3284353297732789
1.3458565386567447,0.3125
1.3312339841253646,0.29866872222303176
1.3228774140631385,0.28498986439700197
1.3193921538933533,0.2757675055181054
1.3160246668007316,0.2589285714285714
1.3157601162577548,0.24390565615683676
1.3173136069277207,0.23214285714285715
1.321266941014303,0.21875
1.3255748169946315,0.20982142857142855
1.3355717889478438,0.1964285714285714
1.3589616542658116,0.17948082713290592
1.3928571428571423,0.16778589447392195
1.4372835600121576,0.1607142857142857
1.494274614499984,0.15785159296427795
1.539406613747444,0.15886812169770628
1.5739283728644509,0.16196418643222568
1.6005019777350669,0.16632241743896217
1.6390001880918543,0.17857142857142855
1.6607142857142851,0.19284432987751832
1.6716691886242345,0.20535714285714285
1.6771225859368613,0.21501013560299762
1.680607846106647,0.22423249448189517
1.6839753331992684,0.24107142857142858
1.6842398837422452,0.2560943438431627
1.6822872688686275,0.26971506300574266
1.678571428571428,0.28163456516087143
1.6716691886242347,0.2946428571428571
1.6632920615875588,0.30486031650806544
1.6517857142857137,0.3142379600711315
1.6390945300771294,0.3214285714285714
1.621156373832272,0.3284353297732791
1.6005019777350664,0.33367758256103797
1.5803571428571423,0.3372125915026844
1.5624999999999996,0.3393665294928486
1.5357142857142851,0.34134319653613976
1.5058401491759679,0.34220578887369846
1.4942746144999839,0.3421484070357221

0.9258482043552179,0.4120758978223909
0.8749999999999998,0.4229282693283724
0.843129340453442,0.4394218130838638
0.8232630335039771,0.4642857142857142
0.8196668370560114,0.4732142857142856
0.8162656249208573,0.4884899553175715
0.8155884222526032,0.5029200745879839
0.8173614298575622,0.5178571428571428
0.8212669410143029,0.5312499999999999
0.8255748169946314,0.5401785714285713
0.8326448348779243,0.5502509888675334
0.857142857142857,0.569500094045927
0.8856886597550376,0.5803571428571428
0.9300294388687183,0.5885567091370693
0.9686190160300426,0.5914523651578785
1.0357142857142856,0.5912793237531733
1.0714285714285712,0.5883684832480115
1.1211563738322723,0.578435329773279
1.1390945300771296,0.5714285714285713
1.1542717181185078,0.5624999999999998
1.168816963813828,0.5486941961926282
1.180312688575551,0.5267857142857142
1.1837343750791427,0.5115100446824286
1.184411577747397,0.4970799254120157
1.1826385701424378,0.48214285714285704
1.178733058985697,0.4687499999999999
1.1733688635046213,0.45795842539054626
1.1607142857142856,0.4428443298775188
1.1410383457341882,0.42948082713290575
1.1071428571428568,0.4177858944739217
1.0627164399878415,0.41071428571428564
1.0057253855000152,0.407851592964278
0.9605933862525555,0.40886812169770637
0.9258482043552179,0.4120758978223909

0.49427461449998383,0.842148407035722
0.43728356001215446,0.839285714285714
0.4107142857142857,0.8357810787683461
0.3788436261677272,0.8284353297732789
0.34585653865674426,0.8124999999999998
0.33123398412536464,0.7986687222230318
0.32287741406313847,0.7849898643970019
0.31939215389335307,0.7757675055181048
0.3160246668007316,0.7589285714285712
0.3157601162577548,0.7439056561568367
0.3173136069277207,0.732142857142857
0.321266941014303,0.7187499999999998
0.32557481699463164,0.7098214285714284
0.3355717889478439,0.6964285714285712
0.35896165426581184,0.6794808271329058
0.3928571428571428,0.6677858944739219
0.4372835600121593,0.6607142857142856
0.4942746144999848,0.657851592964278
0.5394066137474443,0.6588681216977064
0.573928372864452,0.6619641864322259
0.6005019777350679,0.6663224174389625
0.6390001880918539,0.6785714285714284
0.6607142857142856,0.6928443298775189
0.6716691886242345,0.7053571428571426
0.6771225859368614,0.7150101356029976
0.6806078461066468,0.7242324944818948
0.6839753331992684,0.7410714285714284
0.6842398837422453,0.7560943438431628
0.6822872688686277,0.7697150630057421
0.6785714285714285,0.7816345651608704
0.6716691886242349,0.794642857142857
0.663292061587559,0.8048603165080651
0.6517857142857142,0.814237960071131
0.6390945300771298,0.8214285714285712
0.6211563738322728,0.8284353297732789
0.600501977735066,0.8336775825610381
0.5803571428571428,0.8372125915026842
0.5625,0.8393665294928485
0.5357142857142857,0.8413431965361396
0.5058401491759689,0.8422057888736985
0.49427461449998383,0.842148407035722

1.4942746144999834,0.842148407035722
1.4372835600121545,0.839285714285714
1.4107142857142851,0.835781078768346
1.378843626167727,0.8284353297732788
1.3458565386567443,0.8124999999999998
1.3312339841253646,0.7986687222230316
1.3228774140631385,0.7849898643970018
1.3193921538933533,0.775767505518105
1.3160246668007316,0.7589285714285712
1.3157601162577548,0.7439056561568366
1.3173136069277207,0.732142857142857
1.321266941014303,0.7187499999999998
1.3255748169946318,0.7098214285714284
1.335571788947844,0.6964285714285712
1.3589616542658116,0.6794808271329058
1.3928571428571423,0.667785894473922
1.4372835600121592,0.6607142857142856
1.4942746144999843,0.657851592964278
1.5394066137474436,0.6588681216977064
1.5739283728644513,0.6619641864322258
1.6005019777350675,0.6663224174389624
1.639000188091854,0.6785714285714284
1.6607142857142851,0.6928443298775183
1.6716691886242343,0.7053571428571426
1.6771225859368613,0.7150101356029974
1.680607846106647,0.7242324944818951
1.6839753331992684,0.7410714285714284
1.6842398837422452,0.7560943438431625
1.6822872688686277,0.7697150630057424
1.678571428571428,0.7816345651608715
1.6716691886242347,0.794642857142857
1.663292061587559,0.8048603165080653
1.6517857142857137,0.8142379600711315
1.63909453007713,0.8214285714285712
1.6211563738322725,0.828435329773279
1.6005019777350658,0.8336775825610381
1.5803571428571423,0.8372125915026843
1.5624999999999996,0.8393665294928486
1.5357142857142851,0.8413431965361396
1.5058401491759685,0.8422057888736985
1.4942746144999834,0.842148407035722

0.7820766914683767,1.
0.7839972671526036,0.9732142857142856
0.7879818455150789,0.9553571428571427
0.7934747582395647,0.9413802362626393
0.8019964781626941,0.9285714285714283
0.8237217661581718,0.9118608830790856
0.857142857142857,0.900998239081347
0.8856952868782856,0.8964380708465711
0.9284895730503973,0.892816215096627
0.9671484070357212,0.891425796482139
1.0357142857142856,0.8914626062211607
1.0715104269496023,0.892816215096627
1.114944812672083,0.8967581206217556
1.1607142857142856,0.9057187725576139
1.191687711112412,0.9220132873009365
1.2042894881410862,0.9374999999999998
1.2120181544849211,0.9553571428571427
1.215906379483916,0.9724039531151846
1.2172057888736985,0.9836028944368493
1.2179233085316234,1.

1.7820766914683768,1.
1.7839972671526036,0.9732142857142856
1.7879818455150789,0.9553571428571427
1.7934747582395647,0.9413802362626396
1.8019964781626943,0.9285714285714283
1.8237217661581715,0.9118608830790857
1.8571428571428565,0.9009982390813471
1.8856952868782852,0.8964380708465711
1.9284895730503973,0.892816215096627
1.9671484070357212,0.891425796482139
2.,0.8910498543122677

0.21792330853162337,0.
0.2143769624889261,0.0356686616126798
0.21151694625509784,0.04602724115816535
0.19800352183730616,0.07142857142857142
0.1763591535976585,0.08817957679882925
0.13131809295009922,0.10137333218933532
0.07214524041474751,0.10714285714285714
0.038433431096244176,0.10850242983383637
0.,0.10895014568773237

1.2179233085316234,0.
1.214376962488926,0.035668661612679634
1.2115169462550979,0.046027241158165144
1.1980035218373062,0.07142857142857142
1.1763591535976583,0.08817957679882928
1.131318092950099,0.10137333218933538
1.0721452404147476,0.10714285714285714
1.038433431096244,0.10850242983383637
0.9963854229102493,0.10895014568773237
0.9285714285714284,0.1071862804253242
0.8928571428571427,0.10438464064648208
0.8438592842910001,0.09592750071164274
0.8114375451152279,0.08035714285714285
0.797468682666289,0.06555137295256967
0.7901119591001882,0.05137259187847726
0.7856196998688679,0.03566699279157688
0.782894007365097,0.017857142857142856
0.7820766914683767,0.0018187971229544648
0.7820766914683767,0.

2.,0.10895014568773237
1.9286626767746402,0.10718848124446302
1.897254816243045,0.10494402044990586
1.853639819229862,0.0982142857142857
1.8214285714285707,0.08682322123395843
1.8011057151481022,0.07019571471690855
1.791230718707036,0.05357142857142857
1.7856274391493516,0.03571428571428571
1.7830122377477589,0.019208166840406035
1.7822140908430952,0.007178473992976508
1.7820766914683768,0.

0.,0.39104985431226763
0.05357142857142857,0.3919986335763018
0.08928571428571427,0.3939909227575394
0.14285714285714285,0.4009982390813469
0.1762782338418284,0.41186088307908575
0.19800352183730607,0.4285714285714285
0.20712385830685806,0.4428476434391432
0.21428571428571427,0.4639273797926262
0.21601095729798472,0.4732142857142856
0.21765441175188788,0.4893870798383417
0.21792330853162337,0.5018187971229544
0.21709254801303624,0.5178571428571428
0.21438030013113218,0.5356669927915766
0.2115169462550979,0.5460272411581651
0.1980035218373063,0.5714285714285713
0.17635915359765855,0.5881795767988292
0.13131809295009947,0.6013733321893353
0.07214524041475014,0.607142857142857
0.0384334310962445,0.6085024298338364
0.,0.6089501456877324

2.,0.6089501456877324
1.9286626767746404,0.607188481244463
1.8972548162430447,0.6049440204499058
1.8536398192298615,0.5982142857142856
1.8214285714285707,0.5868232212339585
1.801105715148102,0.5701957147169083
1.7912307187070358,0.5535714285714284
1.7856274391493516,0.5357142857142856
1.7830122377477589,0.5192081668404059
1.7822140908430952,0.5071784739929764
1.7822810982323525,0.4910714285714285
1.7838887325930683,0.47412706227489404
1.7856340077210406,0.46424557528909194
1.791230718707036,0.44642857142857134
1.7974686826662891,0.4344486270474304
1.811437545115228,0.4196428571428571
1.8440265746018731,0.40415614444379394
1.8749999999999996,0.3978552559294569
1.9107142857142854,0.39399092275753944
1.9615665689037558,0.39149757016616366
2.,0.39104985431226763

0.,0.8910498543122677
0.05357142857142857,0.8919986335763018
0.08928571428571427,0.8939909227575394
0.14285714285714285,0.900998239081347
0.17627823384182814,0.9118608830790855
0.19800352183730588,0.9285714285714283
0.20712385830685798,0.9428476434391431
0.21436599227895936,0.9642455752890916
0.21611126740693182,0.9741270622748944
0.21771890176764766,0.9910714285714286
0.21792330853162337,1.

0.3440265746018734,0.3458438555562061
0.31143754511522775,0.3303571428571428
0.29746868266628906,0.31555137295256974
0.29011195910018817,0.3013725918784773
0.28562743914935157,0.2857142857142857
0.28209970862453526,0.2518072885448752
0.28299514033232726,0.23078328445187793
0.2857142857142857,0.2139273797926263
0.29287614169314186,0.19284764343914332
0.2985369187704012,0.18303571428571425
0.30814499857671446,0.17192964214550008
0.33928571428571425,0.15571877255761396
0.3571428571428571,0.15099182191679317
0.38569528687828664,0.14643807084657093
0.42848957305039687,0.142816215096627
0.467148407035722,0.141425796482139
0.5357142857142857,0.14145372599348188
0.5721452404147473,0.14285714285714285
0.6172395274747212,0.14673737911978224
0.640391429433816,0.15055285757405085
0.6559734253981264,0.15415614444379386
0.6885624548847721,0.16964285714285712
0.7025313173337109,0.18444862704743017
0.7098880408998118,0.1986274081215226
0.7143769624889261,0.21433133838732027
0.7179233085316234,0.25
0.7160027328473965,0.2767857142857143
0.7120181544849213,0.2946428571428571
0.7042894881410864,0.3125
0.6916877111124123,0.32798671269906327
0.6607142857142856,0.34428122744238615
0.6311027459051396,0.3512656586668555
0.6027451837569547,0.3549440204499059
0.5713339855831534,0.3571901500655661
0.5357142857142857,0.3585529963174516
0.5036375942459091,0.35896165426581167
0.46714840703572225,0.35857420351786107
0.4284895730503967,0.35718378490337305
0.3856952868782868,0.3535619291534291
0.3559858770669597,0.3487927757522344
0.3440265746018734,0.3458438555562061

1.3440265746018731,0.34584385555620606
1.3114375451152278,0.3303571428571428
1.297468682666289,0.31555137295256963
1.2901119591001882,0.3013725918784772
1.2856274391493516,0.2857142857142857
1.2820997086245352,0.25180728854487505
1.2829951403323272,0.2307832844518781
1.2857142857142854,0.21392737979262763
1.292876141693142,0.1928476434391431
1.2985369187704012,0.18303571428571425
1.3081449985767144,0.17192964214550013
1.339285714285714,0.1557187725576141
1.3571428571428568,0.15099182191679322
1.385695286878286,0.146438070846571
1.4284895730503966,0.142816215096627
1.4671484070357217,0.141425796482139
1.5357142857142851,0.14145372599348188
1.5721452404147476,0.14285714285714285
1.6172395274747209,0.1467373791197822
1.640391429433815,0.15055285757405065
1.6559734253981262,0.15415614444379375
1.6885624548847722,0.16964285714285712
1.7025313173337109,0.18444862704742998
1.7098880408998118,0.19862740812152238
1.7143769624889262,0.21433133838732052
1.7179233085316234,0.25
1.7160027328473964,0.2767857142857143
1.7120181544849213,0.2946428571428571
1.7042894881410864,0.3125
1.691687711112412,0.3279867126990635
1.6607142857142851,0.3442812274423863
1.6311027459051393,0.35126565866685555
1.6027451837569544,0.354944020449906
1.5713339855831527,0.35719015006556615
1.5357142857142851,0.3585529963174516
1.5036375942459088,0.3589616542658117
1.467148407035722,0.35857420351786107
1.4284895730503964,0.357183784903373
1.3856952868782861,0.35356192915342904
1.3559858770669595,0.34879277575223433
1.3440265746018731,0.34584385555620606

1.2087692812929642,0.5535714285714284
1.1916877111124122,0.5779867126990633
1.1607142857142856,0.5942812274423861
1.1071428571428568,0.6043846406464821
1.0714285714285712,0.6071862804253242
1.0328515929642774,0.6085742035178611
0.9642857142857141,0.6085373937788394
0.9278547595852498,0.607142857142857
0.8686819070499004,0.6013733321893353
0.8263535575320823,0.5892857142857142
0.8035714285714284,0.5731800903850688
0.7934747582395645,0.5586197637373603
0.7857142857142856,0.536072620207373
0.7839972671526036,0.5267857142857142
0.7823455882481122,0.5106129201616582
0.7820766914683767,0.4981812028770454
0.7829074519869639,0.48214285714285704
0.7856196998688679,0.464333007208423
0.7884830537449022,0.45397275884183447
0.794642857142857,0.43927757389786487
0.8035714285714284,0.42681990961493127
0.8263535575320827,0.41071428571428564
0.8596085705661834,0.40055285757405096
0.8928571428571427,0.39561535935351794
0.9285714285714284,0.3928137195746758
0.9963854229102495,0.39104985431226763
1.038433431096244,0.39149757016616366
1.072145240414746,0.3928571428571428
1.1313180929500988,0.3986266678106646
1.1736464424679174,0.41071428571428564
1.1964285714285712,0.4268199096149307
1.2065252417604355,0.44138023626263917
1.2120181544849213,0.4553571428571428
1.215906379483916,0.47240395311518457
1.2172057888736985,0.4836028944368493
1.2179233085316234,0.4999999999999999
1.2172057888736985,0.5163971055631505
1.215906379483916,0.5275960468848152
1.2120181544849213,0.544642857142857
1.2087692812929642,0.5535714285714284

0.34402657460187297,0.845843855556206
0.31143754511522737,0.8303571428571426
0.2974686826662889,0.8155513729525696
0.2901119591001881,0.8013725918784772
0.2856274391493515,0.7857142857142855
0.28209970862453526,0.751807288544875
0.28299514033232726,0.7307832844518778
0.2857142857142857,0.7139273797926262
0.292876141693142,0.692847643439143
0.29853691877040134,0.6830357142857141
0.30814499857671457,0.6719296421455
0.33928571428571425,0.655718772557614
0.3571428571428571,0.6509918219167932
0.3856952868782862,0.646438070846571
0.42848957305039714,0.642816215096627
0.4671484070357217,0.6414257964821389
0.5357142857142857,0.6414537259934819
0.5721452404147448,0.6428571428571427
0.6172395274747209,0.6467373791197822
0.6403914294338162,0.6505528575740509
0.6559734253981263,0.6541561444437938
0.6885624548847719,0.669642857142857
0.7025313173337109,0.68444862704743
0.7098880408998117,0.6986274081215224
0.7143769624889261,0.7143313383873201
0.7179233085316234,0.7499999999999998
0.7160027328473965,0.776785714285714
0.7120181544849215,0.794642857142857
0.7042894881410865,0.8124999999999998
0.6916877111124126,0.8279867126990631
0.6607142857142856,0.8442812274423861
0.6311027459051399,0.8512656586668554
0.6027451837569552,0.8549440204499059
0.5713339855831528,0.8571901500655661
0.5357142857142857,0.8585529963174516
0.5036375942459097,0.8589616542658117
0.4671484070357227,0.8585742035178611
0.42848957305039626,0.857183784903373
0.3856952868782874,0.8535619291534292
0.3559858770669592,0.8487927757522343
0.34402657460187297,0.845843855556206

1.3440265746018727,0.845843855556206
1.3114375451152274,0.8303571428571426
1.297468682666289,0.8155513729525695
1.2901119591001882,0.8013725918784771
1.2856274391493514,0.7857142857142855
1.2820997086245352,0.7518072885448748
1.2829951403323272,0.7307832844518779
1.2857142857142854,0.7139273797926275
1.2928761416931422,0.6928476434391427
1.2985369187704014,0.6830357142857141
1.3081449985767146,0.6719296421455001
1.339285714285714,0.6557187725576141
1.3571428571428568,0.6509918219167932
1.3856952868782855,0.6464380708465711
1.4284895730503968,0.642816215096627
1.4671484070357212,0.641425796482139
1.5357142857142851,0.6414537259934818
1.572145240414745,0.6428571428571427
1.6172395274747204,0.6467373791197822
1.6403914294338156,0.6505528575740507
1.6559734253981262,0.6541561444437937
1.6885624548847717,0.669642857142857
1.7025313173337107,0.6844486270474298
1.7098880408998116,0.6986274081215221
1.7143769624889262,0.7143313383873203
1.7179233085316234,0.7499999999999998
1.7160027328473966,0.776785714285714
1.7120181544849213,0.794642857142857
1.7042894881410866,0.8124999999999998
1.6916877111124122,0.8279867126990633
1.6607142857142851,0.8442812274423863
1.6311027459051397,0.8512656586668554
1.6027451837569548,0.8549440204499059
1.5713339855831523,0.8571901500655662
1.5357142857142851,0.8585529963174516
1.5036375942459093,0.8589616542658117
1.4671484070357224,0.8585742035178611
1.428489573050396,0.857183784903373
1.3856952868782868,0.8535619291534291
1.355985877066959,0.8487927757522343
1.3440265746018727,0.845843855556206





0.7179233085316234,0.
0.7172057888736985,0.016397105563150716
0.7159063794839161,0.027596046884815238
0.7120181544849213,0.04464285714285714
0.7053571428571428,0.060722426102135796
0.6964285714285714,0.07318009038506897
0.6736464424679176,0.08928571428571427
0.6313180929500992,0.10137333218933532
0.6027451837569546,0.10494402044990592
0.5713339855831535,0.10719015006556606
0.5357142857142857,0.1085462740065181
0.48214285714285715,0.10885945088382383
0.42857142857142855,0.10718628042532422
0.3928571428571428,0.10438464064648208
0.3438592842910001,0.09592750071164276
0.31143754511522787,0.08035714285714285
0.29746868266628906,0.06555137295256974
0.29011195910018817,0.05137259187847732
0.28562743914935157,0.03571428571428571
0.2829252124423212,0.017857142857142856
0.28207669146837666,0.

1.7179233085316234,0.
1.7172057888736985,0.016397105563150452
1.715906379483916,0.027596046884815466
1.7120181544849213,0.04464285714285714
1.7053571428571423,0.06072242610213665
1.6964285714285707,0.07318009038506976
1.6736464424679176,0.08928571428571427
1.631318092950099,0.10137333218933538
1.6027451837569544,0.10494402044990593
1.571333985583153,0.1071901500655661
1.5357142857142851,0.10854627400651812
1.4821428571428568,0.10885945088382382
1.4285714285714282,0.10718628042532419
1.3928571428571423,0.10438464064648202
1.343859284291,0.0959275007116427
1.3114375451152278,0.08035714285714285
1.297468682666289,0.06555137295256963
1.2901119591001882,0.05137259187847721
1.2856274391493516,0.03571428571428571
1.2829252124423212,0.017857142857142856
1.2820766914683766,0.

0.,0.14104985431226763
0.07133732322535963,0.14281151875553694
0.10274518375695464,0.14505597955009408
0.13110274590513948,0.14873434133314453
0.1607142857142857,0.15571877255761393
0.19185500142328551,0.17192964214550005
0.20652524176043546,0.1913802362626394
0.21236571652918557,0.20631714173540722
0.21700485966767274,0.2307832844518779
0.21790029137546477,0.2518072885448752
0.2143769624889261,0.2856686616126798
0.20988804089981183,0.3013725918784773
0.20274666437867064,0.3156590464750496
0.17857142857142855,0.3368232212339588
0.14285714285714285,0.3488417817638707
0.10714285714285714,0.3543846406464821
0.07142857142857142,0.35718628042532424
0.0036145770897506365,0.3589501456877324
0.,0.3589501456877324

2.,0.3589501456877324
1.9615665689037556,0.3585024298338364
1.9107142857142854,0.3560090772424606
1.8749999999999996,0.3521447440705431
1.8392857142857135,0.3442812274423858
1.8083122888875875,0.327986712699063
1.7957105118589138,0.3125
1.7879818455150789,0.2946428571428571
1.785623037511074,0.2856686616126801
1.7820997086245354,0.25180728854487494
1.7829951403323272,0.2307832844518782
1.7856340077210406,0.214245575289092
1.792876141693142,0.1928476434391429
1.801996478162694,0.17857142857142855
1.823640846402341,0.1618204232011709
1.8571428571428565,0.15099823908134707
1.885695286878286,0.146438070846571
1.9284895730503968,0.142816215096627
1.967148407035722,0.141425796482139
2.,0.14104985431226763

0.,0.6410498543122676
0.07133732322535996,0.642811518755537
0.10274518375695442,0.6450559795500941
0.13110274590513926,0.6487343413331444
0.1607142857142857,0.6557187725576139
0.1918550014232854,0.6719296421455
0.20652524176043535,0.6913802362626392
0.21236571652918546,0.706317141735407
0.21700485966767272,0.7307832844518778
0.21790029137546477,0.751807288544875
0.21437696248892615,0.7856686616126796
0.20988804089981186,0.8013725918784772
0.20274666437867075,0.8156590464750495
0.17857142857142855,0.8368232212339588
0.14285714285714285,0.8488417817638707
0.10714285714285714,0.8543846406464821
0.07142857142857142,0.8571862804253243
0.0036145770897510632,0.8589501456877324
0.,0.8589501456877324

2.,0.8589501456877324
1.9615665689037551,0.8585024298338364
1.9107142857142854,0.8560090772424607
1.8749999999999996,0.8521447440705431
1.8392857142857135,0.8442812274423859
1.8083122888875873,0.8279867126990629
1.7957105118589136,0.8124999999999998
1.7879818455150787,0.794642857142857
1.785623037511074,0.7856686616126799
1.7820997086245354,0.7518072885448747
1.7829951403323272,0.730783284451878
1.7856340077210406,0.7142455752890918
1.7928761416931422,0.6928476434391426
1.801996478162694,0.6785714285714284
1.8236408464023413,0.6618204232011708
1.8571428571428565,0.650998239081347
1.8856952868782855,0.6464380708465711
1.928489573050397,0.642816215096627
1.9671484070357217,0.6414257964821389
2.,0.6410498543122676

0.28207669146837666,1.
0.2827942111263016,0.9836028944368491
0.28409362051608394,0.9724039531151847
0.2879818455150788,0.9553571428571427
0.29347475823956465,0.9413802362626392
0.30357142857142855,0.9268199096149311
0.32635355753208317,0.9107142857142854
0.3596085705661828,0.9005528575740511
0.3928571428571428,0.895615359353518
0.42857142857142855,0.8928137195746758
0.48214285714285715,0.8911405491161762
0.5178571428571428,0.8911405491161762
0.5517458754502117,0.8919443662965342
0.5715104269496025,0.892816215096627
0.6149448126720835,0.8967581206217557
0.6607142857142856,0.9057187725576139
0.6918550014232853,0.9219296421454998
0.7042894881410862,0.9374999999999998
0.7120181544849212,0.9553571428571427
0.7170048596676728,0.9807832844518778
0.7179233085316234,1.

1.2820766914683766,1.
1.2827942111263015,0.983602894436849
1.284093620516084,0.9724039531151849
1.2879818455150789,0.9553571428571427
1.2934747582395645,0.9413802362626393
1.3035714285714284,0.9268199096149313
1.3263535575320833,0.9107142857142854
1.3596085705661822,0.9005528575740512
1.3928571428571423,0.895615359353518
1.4285714285714282,0.8928137195746758
1.4821428571428568,0.8911405491161762
1.5178571428571423,0.8911405491161762
1.551745875450211,0.8919443662965341
1.571510426949602,0.892816215096627
1.614944812672083,0.8967581206217556
1.6607142857142851,0.9057187725576137
1.6918550014232852,0.9219296421454997
1.7042894881410862,0.9374999999999998
1.7120181544849213,0.9553571428571427
1.7170048596676728,0.9807832844518776
1.7179233085316234,1.

1.2087692812929642,0.1964285714285714
1.2143659922789594,0.21424557528909155
1.2171484070357221,0.2335742035178612
1.2171484070357221,0.26642579648213877
1.2143659922789594,0.2857544247109084
1.2071238583068584,0.3071523565608564
1.1964285714285712,0.3231800903850693
1.1736464424679178,0.33928571428571425
1.1249999999999996,0.35214474407054325
1.089285714285714,0.35600907724246067
1.0384334310962442,0.3585024298338364
0.9963854229102491,0.3589501456877324
0.9286626767746403,0.35718848124446306
0.897254816243045,0.3549440204499059
0.8686819070499006,0.3513733321893353
0.8263535575320823,0.33928571428571425
0.8035714285714284,0.32318009038506873
0.7934747582395646,0.3086197637373605
0.7876342834708144,0.29368285826459267
0.7829951403323273,0.269216715548122
0.7820766914683767,0.25
0.7839972671526036,0.2232142857142857
0.7857142857142856,0.213927379792627
0.7934747582395646,0.19138023626263947
0.8035714285714284,0.17681990961493127
0.8263535575320825,0.1607142857142857
0.8596085705661837,0.1505528575740509
0.8928571428571427,0.14561535935351794
0.9285714285714284,0.14281371957467578
0.9963854229102493,0.14104985431226763
1.038433431096244,0.14149757016616363
1.089285714285714,0.14399092275753933
1.1249999999999996,0.14785525592945678
1.1559734253981264,0.15415614444379383
1.1885624548847722,0.16964285714285712
1.2042894881410864,0.18749999999999997
1.2087692812929642,0.1964285714285714

1.208769281292964,0.6964285714285712
1.2143659922789594,0.7142455752890914
1.2171484070357221,0.7335742035178611
1.2171484070357221,0.7664257964821385
1.2143659922789594,0.7857544247109082
1.2071238583068584,0.8071523565608562
1.1964285714285712,0.8231800903850693
1.1736464424679183,0.839285714285714
1.1249999999999996,0.8521447440705433
1.089285714285714,0.8560090772424607
1.0384334310962446,0.8585024298338364
0.9963854229102487,0.8589501456877324
0.9286626767746409,0.8571884812444631
0.8972548162430446,0.8549440204499059
0.8686819070499001,0.8513733321893352
0.8263535575320818,0.839285714285714
0.8035714285714284,0.8231800903850688
0.7934747582395645,0.8086197637373603
0.7876342834708144,0.7936828582645925
0.7829951403323273,0.7692167155481218
0.7820766914683767,0.7499999999999998
0.7839972671526036,0.7232142857142856
0.7857142857142856,0.7139273797926269
0.7934747582395647,0.6913802362626393
0.8035714285714284,0.6768199096149312
0.8263535575320828,0.6607142857142856
0.8596085705661833,0.650552857574051
0.8928571428571427,0.6456153593535179
0.9285714285714284,0.6428137195746758
0.9963854229102497,0.6410498543122676
1.0384334310962438,0.6414975701661636
1.089285714285714,0.6439909227575393
1.1249999999999996,0.6478552559294568
1.1559734253981262,0.6541561444437938
1.1885624548847717,0.669642857142857
1.2042894881410862,0.6874999999999998
1.208769281292964,0.6964285714285712

0.3928571428571428,0.39561535935351794
0.42857142857142855,0.3928137195746758
0.48214285714285715,0.3911405491161762
0.5178571428571428,0.3911405491161762
0.5517458754502113,0.3919443662965341
0.571510426949603,0.392816215096627
0.6149448126720828,0.3967581206217556
0.6607142857142856,0.4057187725576139
0.6918550014232855,0.42192964214550005
0.7042894881410863,0.4374999999999999
0.7120181544849213,0.4553571428571428
0.7159063794839161,0.4724039531151846
0.7172057888736985,0.4836028944368492
0.7179233085316234,0.4999999999999999
0.7172057888736985,0.5163971055631507
0.7159063794839161,0.5275960468848151
0.7120181544849213,0.544642857142857
0.7053571428571428,0.5607224261021359
0.6964285714285714,0.573180090385069
0.6736464424679178,0.5892857142857142
0.6313180929500994,0.6013733321893353
0.6027451837569548,0.6049440204499059
0.5713373232253592,0.607188481244463
0.5,0.6089501456877324
0.4615665689037555,0.6085024298338364
0.4107142857142857,0.6060090772424607
0.3571428571428571,0.5990017609186531
0.3236408464023414,0.5881795767988292
0.3019964781626937,0.5714285714285713
0.29287614169314174,0.5571523565608564
0.2857142857142857,0.5360726202073737
0.2839972671526036,0.5267857142857142
0.2823455882481121,0.5106129201616582
0.28207669146837666,0.49818120287704537
0.28290745198696376,0.48214285714285704
0.28561969986886787,0.4643330072084231
0.2884830537449022,0.4539727588418345
0.2957105118589138,0.4374999999999999
0.3081449985767145,0.42192964214550005
0.33928571428571425,0.40571877255761396
0.36889725409486057,0.39873434133314456
0.3928571428571428,0.39561535935351794

1.3928571428571423,0.395615359353518
1.4285714285714282,0.3928137195746758
1.4821428571428568,0.3911405491161762
1.5178571428571423,0.3911405491161762
1.5517458754502105,0.39194436629653406
1.5715104269496025,0.392816215096627
1.6149448126720822,0.39675812062175553
1.6607142857142851,0.4057187725576137
1.6918550014232852,0.42192964214549983
1.7042894881410864,0.4374999999999999
1.7120181544849213,0.4553571428571428
1.715906379483916,0.4724039531151844
1.7172057888736985,0.48360289443684945
1.7179233085316234,0.4999999999999999
1.7172057888736985,0.5163971055631504
1.7159063794839162,0.5275960468848154
1.7120181544849213,0.544642857142857
1.7053571428571423,0.5607224261021366
1.6964285714285707,0.5731800903850698
1.6736464424679178,0.5892857142857142
1.6313180929500992,0.6013733321893354
1.6027451837569546,0.6049440204499059
1.5713373232253587,0.6071884812444631
1.4999999999999996,0.6089501456877324
1.4615665689037551,0.6085024298338364
1.4107142857142851,0.6060090772424606
1.3571428571428568,0.5990017609186531
1.3236408464023413,0.5881795767988292
1.3019964781626938,0.5714285714285713
1.2928761416931418,0.5571523565608566
1.2857142857142854,0.5360726202073725
1.2839972671526036,0.5267857142857142
1.282345588248112,0.510612920161658
1.2820766914683766,0.49818120287704554
1.2829074519869639,0.48214285714285704
1.2856196998688678,0.4643330072084229
1.2884830537449024,0.45397275884183436
1.2957105118589138,0.4374999999999999
1.3081449985767144,0.4219296421455001
1.339285714285714,0.40571877255761407
1.3688972540948603,0.39873434133314456
1.3928571428571423,0.395615359353518

0.,0.3421484070357221
0.0394066137474446,0.3411318783022937
0.07392837286445132,0.3380358135677743
0.10714285714285714,0.3322433544775214
0.12113796301587113,0.32842612436507834
0.1390945300771292,0.3214285714285714
0.1607142857142857,0.307155670122481
0.17336886350462152,0.29204157460945357
0.18031268857555105,0.2767857142857143
0.18441157774739683,0.25
0.18031268857555105,0.2232142857142857
0.1733688635046215,0.20795842539054638
0.1607142857142857,0.192844329877519
0.13900018809185422,0.17857142857142855
0.10050197773506747,0.16632241743896228
0.07142857142857142,0.1616315167519885
0.03571428571428571,0.15872067624682668
0.,0.1577942111263016

0.,0.842148407035722
0.039406613747445064,0.8411318783022936
0.07392837286445074,0.8380358135677743
0.10714285714285714,0.8322433544775214
0.1211379630158714,0.8284261243650783
0.13909453007712982,0.8214285714285712
0.1607142857142857,0.807155670122481
0.17336886350462163,0.7920415746094535
0.1803126885755512,0.776785714285714
0.18441157774739683,0.7499999999999998
0.18031268857555102,0.7232142857142856
0.17336886350462133,0.7079584253905462
0.1607142857142857,0.692844329877519
0.13900018809185394,0.6785714285714284
0.10050197773506808,0.6663224174389625
0.07142857142857142,0.6616315167519885
0.03571428571428571,0.6587206762468267
0.,0.6577942111263017

0.6844115777473969,0.
0.6803126885755512,0.026785714285714284
0.6733688635046216,0.04204157460945367
0.6607142857142856,0.05715567012248115
0.6390001880918543,0.07142857142857142
0.6005019777350671,0.08367758256103783
0.5714285714285714,0.0883684832480115
0.5394301260114848,0.0911436344343138
0.5121886876863261,0.09211994187112263
0.4642857142857143,0.09127932375317331
0.42857142857142855,0.0883684832480115
0.37884362616772765,0.07843532977327901
0.3458565386567446,0.0625
0.3312339841253647,0.04866872222303189
0.32288658172586143,0.0349852805656407
0.31709526968424306,0.015690491984978683
0.3155884222526032,0.

1.684411577747397,0.
1.680312688575551,0.026785714285714284
1.6733688635046213,0.04204157460945382
1.6607142857142851,0.0571556701224817
1.6390001880918543,0.07142857142857142
1.6005019777350666,0.0836775825610379
1.571428571428571,0.08836848324801158
1.5394301260114842,0.09114363443431382
1.5121886876863255,0.09211994187112264
1.464285714285714,0.0912793237531733
1.4285714285714282,0.08836848324801146
1.3788436261677275,0.07843532977327893
1.3458565386567447,0.0625
1.3312339841253646,0.04866872222303177
1.3228865817258615,0.03498528056564057
1.317095269684243,0.01569049198497883
1.3155884222526033,0.

2.,0.34220578887369846
1.9642857142857142,0.3412793237531733
1.9285714285714284,0.3383684832480115
1.8994980222649323,0.3336775825610377
1.8609998119081457,0.3214285714285714
1.8392857142857135,0.30715567012248035
1.8266311364953782,0.2920415746094533
1.819687311424449,0.2767857142857143
1.815588422252603,0.25
1.819687311424449,0.2232142857142857
1.8266311364953782,0.20795842539054665
1.8392857142857135,0.1928443298775197
1.860999811908146,0.17857142857142855
1.8928571428571423,0.16778589447392198
1.926071627135548,0.16196418643222588
1.9605933862525555,0.15886812169770634
2.,0.1577942111263016

2.,0.8422057888736985
1.9642857142857142,0.8412793237531733
1.9285714285714284,0.8383684832480115
1.8994980222649331,0.8336775825610379
1.860999811908145,0.8214285714285712
1.8392857142857135,0.8071556701224804
1.8266311364953782,0.7920415746094532
1.8196873114244487,0.776785714285714
1.815588422252603,0.7499999999999998
1.819687311424449,0.7232142857142856
1.8266311364953784,0.7079584253905465
1.8392857142857135,0.6928443298775198
1.8609998119081461,0.6785714285714284
1.8928571428571423,0.667785894473922
1.9260716271355476,0.661964186432226
1.9605933862525557,0.6588681216977064
2.,0.6577942111263017

0.3155884222526032,1.
0.319687311424449,0.9732142857142856
0.3266311364953786,0.9579584253905463
0.33928571428571425,0.9428443298775191
0.36099981190814645,0.9285714285714283
0.39949802226493125,0.9163224174389626
0.42857142857142855,0.9116315167519885
0.4642857142857143,0.9087206762468266
0.531380983969958,0.9085476348421215
0.5699705611312809,0.9114432908629306
0.6143113402449607,0.9196428571428568
0.6428571428571428,0.9304999059540728
0.6644282110521561,0.9464285714285712
0.6760716271355485,0.9630358135677741
0.6822637566045874,0.9802966931262777
0.6844115777473969,1.

1.3155884222526033,1.
1.319687311424449,0.9732142857142856
1.3266311364953787,0.9579584253905464
1.339285714285714,0.9428443298775194
1.3609998119081463,0.9285714285714283
1.3994980222649303,0.9163224174389628
1.4285714285714282,0.9116315167519885
1.464285714285714,0.9087206762468266
1.5313809839699575,0.9085476348421215
1.5699705611312804,0.9114432908629305
1.6143113402449607,0.9196428571428568
1.6428571428571423,0.9304999059540725
1.6644282110521562,0.9464285714285712
1.6760716271355485,0.9630358135677745
1.6822637566045873,0.9802966931262774
1.684411577747397,1.

1.1822637566045873,0.26970330687372235
1.184296814071444,0.24713730724999214
1.1785714285714284,0.21864178000607834
1.1715621575366921,0.20535714285714285
1.1568706595465579,0.18942181308386374
1.1249999999999996,0.17292826932837213
1.0973374444460635,0.16561699206268232
1.0699705611312813,0.1614432908629307
1.0313809839699573,0.1585476348421215
0.9642857142857141,0.1587206762468267
0.9285714285714284,0.16163151675198853
0.8994980222649323,0.16632241743896234
0.8683980294372516,0.17527044329005448
0.8431050196145201,0.18940965266440293
0.828437842463308,0.20535714285714285
0.8214285714285713,0.21864178000607926
0.815703185928556,0.24713730724999233
0.8177362433954126,0.2697033068737222
0.8239283728644516,0.2869641864322259
0.8355717889478436,0.30357142857142855
0.8589616542658116,0.3205191728670941
0.8928571428571427,0.33221410552607816
0.9260716271355485,0.33803581356777423
0.9605933862525552,0.3411318783022937
0.9941598508240315,0.34220578887369846
1.031380983969957,0.3414523651578785
1.0699705611312813,0.3385567091370693
1.0973374444460637,0.3343830079373177
1.1160714285714282,0.32993422769287806
1.131590826237179,0.324723984547161
1.1541434613432555,0.3125
1.1687660158746354,0.298668722223032
1.1771225859368615,0.2849898643970022
1.1822637566045873,0.26970330687372235

0.3431293404534418,0.560578186916136
0.3284378424633078,0.544642857142857
0.3214285714285714,0.5313582199939212
0.316936767814789,0.5156112410502516
0.31551975165448654,0.4999999999999999
0.3169367678147891,0.4843887589497482
0.3214285714285714,0.4686417800060788
0.328437842463308,0.4553571428571428
0.3431050196145202,0.43940965266440285
0.37499999999999994,0.4229282693283723
0.4026625555539362,0.4156169920626824
0.43002027120599584,0.4114387070315693
0.46861901603004247,0.40854763484212153
0.5357142857142857,0.4086807149287811
0.5714285714285714,0.4116315167519885
0.6211806946711941,0.42155250980726
0.649459113419891,0.43419901471862576
0.6673551651220757,0.44974901113246646
0.676736966496023,0.4642857142857142
0.6822872688686277,0.48028493699425745
0.6842398837422453,0.4939056561568369
0.6839753331992684,0.5089285714285714
0.6806078461066469,0.525767505518105
0.6760716271355487,0.5369641864322254
0.6644282110521567,0.5535714285714284
0.6410383457341884,0.5705191728670941
0.6071428571428571,0.5822141055260782
0.5739283728644513,0.5880358135677742
0.5394066137474447,0.5911318783022936
0.4942746144999843,0.592148407035722
0.4372835600121567,0.5892857142857142
0.3928571428571428,0.5822141055260782
0.3589616542658115,0.5705191728670941
0.3431293404534418,0.560578186916136

1.3431293404534417,0.5605781869161359
1.3284378424633079,0.544642857142857
1.3214285714285712,0.5313582199939204
1.3169367678147892,0.5156112410502518
1.3155197516544865,0.4999999999999999
1.3169367678147892,0.4843887589497481
1.3214285714285712,0.46864178000607964
1.328437842463308,0.4553571428571428
1.3431050196145202,0.43940965266440296
1.3749999999999996,0.42292826932837246
1.4026625555539358,0.4156169920626825
1.4300202712059955,0.4114387070315693
1.468619016030042,0.4085476348421216
1.5357142857142851,0.40868071492878105
1.571428571428571,0.41163151675198845
1.6211806946711937,0.42155250980725995
1.6494591134198908,0.4341990147186256
1.667355165122076,0.4497490111324668
1.676736966496023,0.4642857142857142
1.6822872688686275,0.4802849369942572
1.6842398837422452,0.4939056561568372
1.6839753331992684,0.5089285714285714
1.680607846106647,0.5257675055181047
1.6760716271355487,0.5369641864322252
1.6644282110521569,0.5535714285714284
1.6410383457341882,0.5705191728670942
1.6071428571428568,0.5822141055260783
1.5739283728644506,0.5880358135677743
1.5394066137474443,0.5911318783022937
1.4942746144999839,0.592148407035722
1.4372835600121567,0.5892857142857142
1.3928571428571423,0.5822141055260781
1.3589616542658114,0.570519172867094
1.3431293404534417,0.5605781869161359

1.1822637566045875,0.7697033068737221
1.184296814071444,0.7471373072499919
1.1785714285714284,0.7186417800060784
1.171562157536692,0.7053571428571426
1.1568706595465579,0.6894218130838636
1.1249999999999996,0.6729282693283721
1.0973374444460633,0.6656169920626823
1.0699705611312809,0.6614432908629307
1.0313809839699575,0.6585476348421215
0.9642857142857141,0.6587206762468267
0.9285714285714284,0.6616315167519886
0.8994980222649317,0.6663224174389625
0.8683980294372518,0.6752704432900544
0.8431050196145202,0.6894096526644028
0.8284378424633082,0.7053571428571426
0.8214285714285713,0.7186417800060793
0.815703185928556,0.7471373072499922
0.8177362433954126,0.7697033068737219
0.8239283728644514,0.7869641864322255
0.8355717889478435,0.8035714285714284
0.8589616542658113,0.820519172867094
0.8928571428571427,0.8322141055260782
0.926071627135549,0.8380358135677742
0.9605933862525547,0.8411318783022936
0.9941598508240309,0.8422057888736985
1.0313809839699566,0.8414523651578785
1.0699705611312817,0.8385567091370693
1.097337444446064,0.8343830079373176
1.1160714285714282,0.8299342276928782
1.1315908262371792,0.8247239845471609
1.154143461343256,0.8124999999999998
1.1687660158746354,0.7986687222230319
1.1771225859368615,0.784989864397002
1.1822637566045875,0.7697033068737221

0.6474435323163431,0.
0.6428571428571428,0.021481719783373845
0.634011242854217,0.03571428571428571
0.6247886177135413,0.04453716599962778
0.6089616542658117,0.05448082713290586
0.5890743319992555,0.06239430885677066
0.565089126026126,0.06825884872734872
0.54374560154337,0.07142857142857142
0.5178571428571428,0.0733511279036966
0.4660580142626101,0.07231472141701933
0.4426433510526995,0.06953596124063546
0.4196428571428571,0.06486219782401817
0.4004747209056283,0.058691210975757246
0.37621261703955355,0.04524916566263395
0.36885508797400646,0.038786741727282456
0.3597444266844934,0.026785714285714284
0.352718307195317,0.002212274973770058
0.35255646768365695,0.

1.6474435323163432,0.
1.6428571428571423,0.021481719783375156
1.634011242854217,0.03571428571428571
1.624788617713541,0.044537165999627926
1.6089616542658114,0.05448082713290593
1.5890743319992555,0.062394308856770726
1.5650891260261257,0.0682588487273488
1.5437456015433701,0.07142857142857142
1.5178571428571423,0.07335112790369662
1.4660580142626096,0.0723147214170193
1.442643351052699,0.06953596124063541
1.4196428571428568,0.06486219782401803
1.400474720905628,0.058691210975757115
1.3762126170395546,0.04524916566263466
1.3688550879740062,0.038786741727282345
1.3597444266844934,0.026785714285714284
1.3527183071953168,0.002212274973769922
1.352556467683657,0.

0.,0.17627823384182847
0.04296343956674724,0.17857142857142855
0.07142857142857142,0.18299437857289153
0.08907433199925549,0.18760569114322936
0.10896165426581164,0.19551917286709414
0.12478861771354127,0.2054628340003722
0.1339873431355046,0.2142563284322477
0.13907192248127093,0.22132167552634974
0.14462944283403867,0.23302900713130506
0.14678035804237913,0.2589285714285714
0.14479576021451235,0.26688783417845807
0.14260563121032488,0.27244718439483756
0.1374517802830232,0.28125
0.13114491202599357,0.28878674172728247
0.12378738296044688,0.29524916566263365
0.10109576643589642,0.3080357142857143
0.08928571428571427,0.31232547526856
0.0716146447536166,0.3169642857142857
0.05357142857142857,0.3201277866577533
0.004424549947540257,0.32364084640234153
0.,0.32372176615817155

2.,0.32372176615817155
1.9570365604332522,0.3214285714285714
1.9285714285714284,0.31700562142710836
1.9109256680007443,0.31239430885677055
1.8910383457341882,0.3044808271329057
1.8752113822864585,0.2945371659996276
1.8634823025453024,0.28254456301306274
1.8555692019249996,0.26785714285714285
1.8553705571659613,0.2330290071313047
1.8609280775187294,0.22132167552634927
1.8702756043519637,0.20982142857142855
1.8826175780484853,0.20023736045281432
1.9095016686747306,0.18810630851977736
1.9224265165454348,0.18442754398700328
1.9464285714285712,0.17987221334224673
1.9955754500524598,0.1763591535976585
2.,0.17627823384182847

0.,0.6762782338418285
0.042963439566746156,0.6785714285714284
0.07142857142857142,0.6829943785728915
0.08907433199925525,0.6876056911432293
0.10896165426581138,0.6955191728670941
0.12478861771354098,0.7054628340003721
0.13398734313550448,0.7142563284322475
0.13907192248127082,0.7213216755263495
0.1446294428340386,0.7330290071313048
0.14678035804237918,0.7589285714285712
0.14479576021451246,0.7668878341784577
0.1426056312103251,0.7724471843948372
0.1374517802830234,0.7812499999999998
0.1311449120259938,0.7887867417272824
0.12378738296044764,0.7952491656626332
0.10109576643589689,0.8080357142857141
0.08928571428571427,0.81232547526856
0.07161464475361781,0.8169642857142855
0.05357142857142857,0.8201277866577533
0.0044245499475408165,0.8236408464023416
0.,0.8237217661581716

2.,0.8237217661581716
1.9570365604332498,0.8214285714285712
1.9285714285714284,0.8170056214271084
1.910925668000744,0.8123943088567704
1.891038345734188,0.8044808271329056
1.8752113822864585,0.7945371659996275
1.8634823025453022,0.7825445630130626
1.8555692019249994,0.7678571428571426
1.8553705571659616,0.7330290071313045
1.8609280775187296,0.7213216755263491
1.870275604351964,0.7098214285714284
1.8826175780484855,0.7002373604528142
1.909501668674729,0.6881063085197779
1.922426516545435,0.6844275439870032
1.9464285714285712,0.6798722133422467
1.99557545005246,0.6763591535976584
2.,0.6762782338418285

0.35255646768365695,1.
0.3571428571428571,0.9785182802166263
0.3659887571457832,0.9642857142857142
0.37521138228645895,0.9554628340003721
0.3910383457341886,0.9455191728670941
0.41092566800074476,0.9376056911432293
0.42857142857142855,0.9329943785728916
0.46295800217160177,0.9279075725143721
0.5044245499475395,0.9263591535976585
0.5515895872996684,0.9295623492073083
0.571614644753615,0.933035714285714
0.5892857142857142,0.93768000413184
0.6105846999546026,0.9464285714285712
0.625,0.9556397223368095
0.6365176974546973,0.9674554369869369
0.6441848549712559,0.9814790010858006
0.6474435323163431,1.

1.352556467683657,1.
1.3571428571428568,0.9785182802166269
1.3659887571457832,0.9642857142857142
1.375211382286459,0.9554628340003724
1.3910383457341884,0.9455191728670942
1.4109256680007445,0.9376056911432294
1.4285714285714282,0.9329943785728916
1.4629580021716015,0.9279075725143721
1.504424549947539,0.9263591535976585
1.551589587299668,0.9295623492073083
1.571614644753615,0.933035714285714
1.589285714285714,0.9376800041318399
1.6105846999546025,0.9464285714285712
1.6249999999999996,0.9556397223368092
1.6365176974546973,0.9674554369869367
1.6441848549712559,0.9814790010858003
1.6474435323163432,1.

1.0357142857142856,0.1777846009624998
0.9660580142626097,0.1776852785829807
0.942643351052699,0.18046403875936462
0.919642857142857,0.18513780217598189
0.9004747209056283,0.19130878902424275
0.8762126170395542,0.2047508343373656
0.8688550879740065,0.21121325827271759
0.8597444266844934,0.2232142857142857
0.8527183071953169,0.24778772502622998
0.8558151450287441,0.26852099891419934
0.8662105550868979,0.2857142857142857
0.8753600082636801,0.2946428571428571
0.8928571428571427,0.30529234997730154
0.911279444673619,0.3125
0.9349108739738738,0.31825884872734866
0.9629313885710282,0.3221057342859143
1.0044245499475402,0.32364084640234153
1.0535714285714284,0.3201277866577533
1.0716146447536168,0.3169642857142857
1.089285714285714,0.31232547526856014
1.1010957664358965,0.3080357142857143
1.123787382960448,0.2952491656626329
1.1311449120259935,0.2887867417272826
1.1374517802830233,0.28125
1.142605631210325,0.2724471843948374
1.1447957602145125,0.26688783417845796
1.1467803580423792,0.2589285714285714
1.1446294428340387,0.23302900713130523
1.139071922481271,0.22132167552634996
1.1339873431355045,0.2142563284322476
1.124788617713541,0.20546283400037207
1.1089616542658114,0.19551917286709403
1.0890743319992553,0.1876056911432293
1.0714285714285712,0.18299437857289147
1.0429634395667473,0.17857142857142855
1.0357142857142856,0.1777846009624998

1.0357142857142856,0.6777846009624997
0.9660580142626095,0.6776852785829807
0.9426433510526986,0.6804640387593647
0.919642857142857,0.6851378021759819
0.9004747209056285,0.6913087890242426
0.876212617039556,0.7047508343373645
0.8688550879740066,0.7112132582727175
0.8597444266844935,0.7232142857142856
0.8527183071953169,0.7477877250262298
0.855815145028744,0.7685209989141991
0.8662105550868976,0.7857142857142855
0.8753600082636799,0.794642857142857
0.8928571428571427,0.8052923499773015
0.9112794446736182,0.8124999999999998
0.9349108739738734,0.8182588487273487
0.9629313885710278,0.8221057342859144
1.0044245499475406,0.8236408464023416
1.0535714285714284,0.8201277866577534
1.071614644753618,0.8169642857142855
1.089285714285714,0.8123254752685601
1.101095766435897,0.8080357142857141
1.1237873829604488,0.7952491656626324
1.1311449120259938,0.7887867417272825
1.1374517802830235,0.7812499999999998
1.1426056312103252,0.772447184394837
1.1447957602145125,0.7668878341784576
1.1467803580423792,0.7589285714285712
1.1446294428340387,0.733029007131305
1.1390719224812709,0.7213216755263497
1.1339873431355043,0.7142563284322474
1.1247886177135409,0.7054628340003719
1.1089616542658112,0.695519172867094
1.089074331999255,0.6876056911432292
1.0714285714285712,0.6829943785728915
1.0429634395667462,0.6785714285714284
1.0357142857142856,0.6777846009624997

0.3752113822864588,0.45546283400037224
0.3910383457341884,0.44551917286709414
0.41092566800074465,0.43760569114322934
0.42857142857142855,0.4329943785728916
0.4629580021716014,0.42790757251437206
0.50442454994754,0.42635915359765847
0.5515895872996689,0.42956234920730835
0.571614644753616,0.4330357142857142
0.5892857142857142,0.43768000413184005
0.6105846999546031,0.44642857142857134
0.625,0.4556397223368095
0.6365176974546973,0.4674554369869369
0.6441848549712559,0.4814790010858005
0.6470363668548665,0.49316104057029037
0.6467022558073932,0.5089285714285714
0.6428571428571428,0.5214817197833739
0.6340112428542171,0.5357142857142856
0.6247886177135414,0.5445371659996276
0.608961654265812,0.5544808271329058
0.5890743319992557,0.5623943088567706
0.5650891260261263,0.5682588487273487
0.537041997828399,0.5720924274856279
0.4955754500524595,0.5736408464023416
0.4464285714285714,0.5701277866577533
0.41092566800074415,0.5623943088567706
0.39103834573418805,0.5544808271329057
0.3752113822864586,0.5445371659996276
0.36348230254530245,0.5325445630130629
0.35581514502874406,0.5185209989141993
0.35296363314513346,0.5068389594297096
0.35329774419260684,0.4910714285714285
0.3571428571428571,0.4785182802166264
0.3659887571457831,0.4642857142857142
0.3752113822864588,0.45546283400037224

1.3752113822864587,0.45546283400037235
1.3910383457341882,0.44551917286709425
1.4109256680007443,0.4376056911432295
1.4285714285714282,0.43299437857289164
1.462958002171601,0.42790757251437206
1.5044245499475395,0.42635915359765847
1.5515895872996683,0.4295623492073083
1.5716146447536161,0.4330357142857142
1.589285714285714,0.43768000413183994
1.610584699954603,0.44642857142857134
1.6249999999999996,0.4556397223368091
1.6365176974546973,0.4674554369869367
1.6441848549712559,0.4814790010858003
1.6470363668548667,0.49316104057029064
1.6467022558073934,0.5089285714285714
1.6428571428571423,0.5214817197833751
1.634011242854217,0.5357142857142856
1.6247886177135413,0.5445371659996279
1.6089616542658116,0.5544808271329058
1.5890743319992557,0.5623943088567707
1.565089126026126,0.5682588487273488
1.5370419978283985,0.5720924274856279
1.4955754500524592,0.5736408464023416
1.4464285714285712,0.5701277866577533
1.4109256680007438,0.5623943088567704
1.391038345734188,0.5544808271329056
1.3752113822864585,0.5445371659996275
1.3634823025453024,0.5325445630130627
1.355815145028744,0.5185209989141992
1.3529636331451333,0.5068389594297097
1.3532977441926068,0.4910714285714285
1.3571428571428568,0.4785182802166269
1.3659887571457832,0.4642857142857142
1.3752113822864587,0.45546283400037235

0.3978567457289032,0.
0.4009234012686387,0.013824013651394912
0.4107142857142857,0.026540836968491664
0.42627823384182845,0.03686088307908575
0.4465975269842836,0.04455837936500101
0.4691747409823452,0.04910714285714285
0.49500039712823973,0.051071627135548414
0.525456477487236,0.04977176125638197
0.5446428571428572,0.046675120936419796
0.5641793484647246,0.04101824566093376
0.5885336205196152,0.027161761168763798
0.5947304081301107,0.020579489779341105
0.600750278978055,0.008928571428571428
0.6023334335686209,0.

1.3978567457289033,0.
1.4009234012686387,0.013824013651394677
1.4107142857142851,0.026540836968490907
1.4262782338418283,0.03686088307908567
1.4465975269842835,0.04455837936500096
1.4691747409823452,0.04910714285714285
1.4950003971282393,0.0510716271355484
1.5254564774872355,0.04977176125638202
1.5446428571428565,0.04667512093641995
1.5641793484647244,0.041018245660933865
1.588533620519616,0.027161761168763204
1.5947304081301106,0.020579489779341188
1.600750278978055,0.008928571428571428
1.6023334335686208,0.

0.6021432542710968,1.
0.5990765987313613,0.9861759863486049
0.5892857142857142,0.9734591630315083
0.5757199268482608,0.9642857142857142
0.5543235223375295,0.9557331897401931
0.5411589795586818,0.9526347959349447
0.5178571428571428,0.9495032772516685
0.48765941836135585,0.9491868520378206
0.4642857142857143,0.9516109374978527
0.4464285714285714,0.9554951055234083
0.42627823384182867,0.9631391169209143
0.4108832412699981,0.9732987634921417
0.40178571428571425,0.9845873704911728
0.3978567457289032,0.9975001985641198
0.39766656643137915,1.

1.602143254271097,1.
1.599076598731361,0.9861759863486049
1.589285714285714,0.9734591630315078
1.575719926848261,0.9642857142857142
1.5543235223375276,0.9557331897401925
1.5411589795586813,0.9526347959349446
1.5178571428571423,0.9495032772516684
1.4876594183613554,0.9491868520378206
1.464285714285714,0.9516109374978529
1.4464285714285712,0.9554951055234084
1.4262782338418285,0.9631391169209143
1.410883241269998,0.9732987634921421
1.4017857142857137,0.984587370491174
1.3978567457289033,0.9975001985641195
1.3976665664313792,1.

2.,0.1989283728644516
1.97235197269721,0.20046170063431937
1.9469183260630167,0.20535714285714285
1.9262782338418285,0.21313911692091433
1.9108832412699979,0.223298763492142
1.901785714285714,0.23458737049117342
1.8978567457289033,0.24750019856411956
1.9004564774872363,0.2627282387436183
1.9066497581271606,0.2723214285714286
1.9179635086781324,0.2820896742323622
1.9456764776624718,0.29426681025980733
1.9588410204413178,0.29736520406505534
1.9821428571428572,0.3003751394890275
2.,0.3010716271355484

0.,0.3010716271355484
0.02764802730279001,0.29953829936568066
0.05308167393698353,0.2946428571428571
0.06417934846472471,0.29101824566093376
0.08035714285714285,0.28316489342083423
0.08928571428571427,0.27654083696849174
0.09907659873136135,0.2638240136513949
0.10214325427109681,0.25
0.09907659873136133,0.23617598634860504
0.08928571428571427,0.22345916303150828
0.08035714285714285,0.2168351065791658
0.05432352233752793,0.20573318974019253
0.041158979558682064,0.20263479593494466
0.017857142857142856,0.19962486051097253
0.,0.1989283728644516

2.,0.6989283728644516
1.9723519726972105,0.7004617006343193
1.946918326063018,0.7053571428571426
1.9262782338418285,0.7131391169209143
1.910883241269998,0.723298763492142
1.901785714285714,0.7345873704911734
1.8978567457289033,0.7475001985641193
1.9004564774872361,0.762728238743618
1.9066497581271602,0.7723214285714283
1.9179635086781321,0.7820896742323621
1.945676477662473,0.7942668102598078
1.9588410204413176,0.7973652040650553
1.9821428571428572,0.8003751394890275
2.,0.8010716271355485

0.,0.8010716271355485
0.027648027302790115,0.7995382993656805
0.05308167393698429,0.794642857142857
0.064179348464725,0.7910182456609337
0.08035714285714285,0.7831648934208343
0.08928571428571427,0.7765408369684917
0.09907659873136143,0.7638240136513947
0.10214325427109681,0.7499999999999998
0.09907659873136124,0.7361759863486049
0.08928571428571427,0.7234591630315083
0.08035714285714285,0.7168351065791657
0.05432352233753016,0.7057331897401934
0.041158979558681585,0.7026347959349446
0.017857142857142856,0.6996248605109726
0.,0.6989283728644516

0.9876594183613553,0.19918685203782055
0.9642857142857141,0.20161093749785272
0.9464285714285712,0.20549510552340833
0.9179635086781325,0.21791032576763775
0.9066497581271604,0.22767857142857142
0.9004564774872361,0.23727176125638189
0.8978567457289032,0.25249980143588024
0.9017857142857142,0.26541262950882716
0.910883241269998,0.2767012365078581
0.9262782338418284,0.2868608830790857
0.9465975269842835,0.29455837936500096
0.9691747409823448,0.2991071428571428
0.9950003971282396,0.3010716271355484
1.025456477487236,0.299771761256382
1.044642857142857,0.29667512093641984
1.0624999999999998,0.29163689154087047
1.075949432185097,0.2857142857142857
1.089116758730002,0.2767012365078583
1.0982142857142854,0.26541262950882805
1.102143254271097,0.2524998014358799
1.099543522512764,0.2372717612563822
1.0933502418728396,0.22767857142857142
1.0820364913218674,0.21791032576763758
1.0641793484647246,0.20898175433906618
1.044642857142857,0.20332487906358016
1.0254564774872361,0.2002282387436181
0.9950003971282394,0.1989283728644516
0.9876594183613553,0.19918685203782055

0.3983737040756411,0.5061702908193222
0.40322187499570533,0.5178571428571428
0.4109902110468164,0.5267857142857142
0.43582065153527516,0.5410182456609337
0.45535714285714285,0.5466751209364198
0.4745435225127644,0.549771761256382
0.5049996028717598,0.5510716271355485
0.5308252590176561,0.5491071428571427
0.5534024730157165,0.544558379365001
0.5737217661581717,0.5368608830790857
0.589116758730002,0.5267012365078582
0.5982142857142856,0.5154126295088276
0.6021432542710968,0.50249980143588
0.5995435225127639,0.48727176125638194
0.5933502418728395,0.4776785714285713
0.5820364913218674,0.4679103257676376
0.5641793484647245,0.45898175433906624
0.5446428571428572,0.4533248790635802
0.5254564774872361,0.45022823874361806
0.49500039712823957,0.4489283728644516
0.46917474098234563,0.4508928571428571
0.4465975269842838,0.455441620634999
0.42857142857142855,0.4620252839074515
0.41099021104681666,0.4732142857142856
0.40322187499570544,0.48214285714285704
0.3983737040756411,0.49382970918067765
0.3983737040756411,0.5061702908193222

1.3983737040756412,0.506170290819322
1.4032218749957055,0.5178571428571428
1.4109902110468167,0.5267857142857142
1.435820651535275,0.5410182456609336
1.4553571428571426,0.5466751209364198
1.4745435225127639,0.5497717612563819
1.5049996028717594,0.5510716271355485
1.530825259017656,0.5491071428571427
1.553402473015716,0.5445583793650011
1.5737217661581715,0.5368608830790859
1.5891167587300021,0.5267012365078583
1.5982142857142854,0.5154126295088278
1.6021432542710967,0.5024998014358799
1.5995435225127639,0.48727176125638205
1.5933502418728396,0.4776785714285713
1.5820364913218674,0.4679103257676374
1.5641793484647244,0.45898175433906613
1.5446428571428565,0.4533248790635801
1.5254564774872357,0.450228238743618
1.495000397128239,0.4489283728644516
1.4691747409823457,0.4508928571428571
1.4465975269842837,0.45544162063499904
1.4285714285714282,0.4620252839074517
1.4109902110468169,0.4732142857142856
1.4032218749957057,0.48214285714285704
1.3983737040756412,0.4938297091806779
1.3983737040756412,0.506170290819322

0.9876594183613558,0.6991868520378206
0.9642857142857141,0.7016109374978529
0.9464285714285712,0.7054951055234084
0.9179635086781326,0.7179103257676376
0.9066497581271605,0.7276785714285713
0.9004564774872362,0.7372717612563816
0.8978567457289032,0.75249980143588
0.9017857142857142,0.7654126295088272
0.9108832412699976,0.7767012365078579
0.9262782338418281,0.7868608830790856
0.9465975269842832,0.794558379365001
0.9691747409823444,0.7991071428571427
0.9950003971282397,0.8010716271355484
1.0254564774872357,0.7997717612563819
1.044642857142857,0.7966751209364199
1.0624999999999998,0.7916368915408706
1.0759494321850978,0.7857142857142855
1.0891167587300021,0.776701236507858
1.0982142857142854,0.765412629508828
1.102143254271097,0.7524998014358797
1.0995435225127639,0.7372717612563819
1.0933502418728396,0.7276785714285713
1.0820364913218672,0.7179103257676375
1.0641793484647242,0.7089817543390662
1.044642857142857,0.7033248790635802
1.0254564774872368,0.7002282387436182
0.9950003971282387,0.6989283728644516
0.9876594183613558,0.6991868520378206